lectures_watched,assignments_completed,quiz_score,weekly_study_hours,completed
3,1,87,5.2,0
31,7,82,6.4,0
26,10,69,4.8,0
17,9,92,9.6,0
17,3,39,13.7,0
35,4,95,4.6,1
3,5,90,6.6,0
28,2,65,18.6,1
8,2,82,1.0,0
3,2,66,9.2,0
21,10,49,14.2,1
40,8,86,3.0,1
30,9,47,0.9,0
31,8,52,2.8,0
29,10,66,18.4,1
32,1,89,0.2,0
21,9,57,3.8,0
5,0,65,0.6,0
34,5,32,2.2,0
18,6,38,12.4,0
20,3,33,4.8,0
15,1,35,11.4,0
7,2,91,11.8,0
37,9,89,17.0,1
32,3,88,0.1,0
26,3,33,17.1,1
16,10,35,12.4,1
33,1,49,3.3,0
22,10,70,15.5,1
18,10,53,17.1,1
18,6,64,5.1,0
9,1,42,18.4,0
3,1,81,9.1,0
22,3,52,12.1,0
36,6,34,19.7,1
2,1,82,7.2,0
35,5,94,16.3,1
33,1,31,6.4,0
11,5,61,16.0,0
25,0,88,12.0,0
6,7,80,4.3,0
31,0,90,8.3,0
28,2,59,6.4,0
14,1,56,1.6,0
2,9,80,0.6,0
39,0,40,6.9,0
18,4,46,0.4,0
36,6,72,3.3,0
27,5,77,14.5,1
31,7,38,14.2,1
31,8,66,14.8,1
7,4,55,6.3,0
14,9,65,17.8,1
19,3,98,11.9,1
20,10,35,2.5,1
1,5,100,2.9,0
22,8,61,13.9,1
6,9,84,3.5,0
30,8,60,10.1,1
28,9,52,19.8,1
37,5,84,0.1,0
30,0,78,0.3,0
15,5,40,19.9,0
39,1,80,11.7,0
16,9,83,2.5,1
13,2,57,17.9,0
37,2,95,17.6,1
15,2,75,10.7,0
3,7,53,12.4,0
19,6,30,5.5,0
32,10,77,1.0,1
7,4,44,11.9,0
18,3,83,5.9,0
5,0,67,13.3,0
28,0,63,16.7,0
19,4,41,0.4,0
13,10,80,11.9,1
9,5,41,4.6,0
23,9,59,17.5,1
27,1,89,5.1,1
38,1,95,12.2,1
17,9,100,11.1,1
6,1,98,7.9,0
34,0,69,13.6,1
25,4,44,14.5,0
28,10,89,11.3,1
3,7,86,15.2,0
12,1,100,19.7,0
31,9,76,8.4,1
34,9,40,10.3,1
17,8,65,0.2,0
32,9,61,15.9,1
34,2,89,10.4,0
15,10,57,8.2,1
36,3,53,1.9,0
11,8,35,17.8,0
9,6,89,7.9,0
27,8,83,13.7,1
26,6,32,3.0,0
5,7,60,19.2,1
34,6,64,3.6,1
8,8,63,4.0,1
33,8,95,17.2,1
0,1,40,18.3,0
32,9,51,4.2,0
32,5,42,9.4,0
31,3,47,14.7,0
27,5,94,17.6,1
19,10,96,7.6,0
28,9,33,10.3,0
11,9,74,14.8,1
32,5,46,14.6,1
22,8,43,15.7,0
18,4,50,11.4,0
20,7,43,2.1,0
23,7,64,18.1,0
1,2,100,17.3,0
5,2,71,16.0,0
10,0,81,2.0,0
4,1,65,4.1,0
18,4,30,14.9,0
27,5,35,0.5,0
26,1,49,19.6,0
19,4,47,7.5,0
35,6,89,14.4,1
23,2,89,17.8,0
3,3,90,7.9,0
31,4,75,6.4,1
23,5,69,12.2,1
26,4,76,11.6,1
23,8,58,8.2,1
22,3,77,12.0,0
3,4,86,18.7,0
22,4,84,9.4,0
32,2,73,3.9,0
12,7,34,7.5,0
24,2,81,7.9,1
1,3,56,2.6,0
14,8,82,3.3,0
17,10,68,13.7,1
40,7,92,6.8,1
8,10,54,19.1,1
11,9,96,4.9,1
16,5,89,2.0,0
40,8,53,15.1,1
34,3,64,17.6,0
1,5,67,5.6,0
9,5,84,4.0,0
33,10,78,3.7,1
2,9,90,10.4,1
35,5,56,9.4,1
11,7,65,5.2,0
37,2,60,0.9,0
12,8,94,9.6,1
17,6,51,19.2,1
27,5,71,13.1,0
5,8,38,9.9,0
22,6,90,2.2,1
20,0,57,5.0,0
32,3,54,5.9,0
40,1,71,15.3,0
27,8,65,17.5,1
16,0,90,18.0,0
16,2,67,19.7,0
17,6,66,19.6,1
33,7,37,19.1,1
13,5,31,1.4,0
6,9,58,2.8,0
13,10,100,6.1,1
0,1,95,11.1,0
4,10,74,1.9,0
3,6,74,16.9,1
31,6,57,12.3,1
29,1,42,10.8,0
28,6,30,3.3,0
18,7,54,5.1,0
29,6,52,3.2,0
6,0,43,17.0,0
36,5,48,11.7,1
20,10,31,14.7,1
38,7,73,5.9,0
6,1,95,7.4,0
20,10,79,8.1,1
28,10,61,15.2,1
20,1,59,15.4,0
18,8,51,4.1,0
6,4,40,18.8,1
15,6,72,2.4,0
9,4,70,17.9,0
12,8,30,2.0,0
28,10,59,5.3,0
25,8,49,16.9,1
24,10,42,3.6,0
14,10,79,8.3,0
39,0,67,9.0,1
3,2,74,4.9,0
14,7,80,14.2,0
4,6,99,17.0,0
13,0,86,17.5,0
39,1,74,6.8,0
15,5,92,10.6,1
37,6,63,5.0,0
20,1,99,4.9,0
28,1,84,3.2,0
18,1,76,18.8,0
10,6,94,17.8,0
31,0,66,15.5,0
39,6,81,10.4,1
10,5,50,9.8,1
31,5,98,10.6,1
10,7,74,10.7,0
29,5,85,8.7,0
32,8,62,2.6,1
18,8,91,2.5,1
30,10,35,19.0,0
11,8,38,9.6,0
3,5,66,19.1,0
3,5,82,3.3,0
18,2,87,11.1,0
37,6,61,4.2,0
5,1,76,5.1,0
18,10,69,0.6,0
28,9,98,2.4,1
8,1,76,18.3,0
29,8,59,6.4,0
12,1,98,12.2,0
33,7,37,9.3,1
23,0,99,8.0,0
22,5,40,10.6,0
7,7,50,3.7,0
18,8,88,19.8,1
35,4,82,16.4,0
0,10,98,14.8,1
31,8,83,9.4,1
20,2,75,3.1,0
29,7,54,18.4,1
27,8,30,6.8,1
17,3,38,1.0,0
12,8,51,6.8,0
25,9,32,15.9,1
5,8,66,12.5,1
23,8,85,15.0,0
3,6,98,15.9,1
26,2,64,4.2,0
25,8,92,18.5,1
3,4,99,8.8,0
31,5,91,12.8,1
17,3,63,0.0,0
32,3,53,19.9,0
1,1,99,5.6,0
7,10,47,1.2,1
20,1,59,9.2,0
7,0,35,2.6,0
13,10,86,3.0,1
27,6,76,12.6,1
5,4,36,7.9,0
27,8,45,18.4,1
4,4,69,6.4,0
7,1,68,14.5,0
24,8,86,9.2,0
32,1,48,13.2,1
6,6,95,12.0,0
12,10,61,9.5,1
37,10,88,19.0,1
40,3,46,6.9,1
23,8,32,3.5,1
18,6,33,13.6,1
14,5,56,16.9,0
25,1,97,0.8,0
24,4,33,9.0,0
12,7,56,17.8,1
0,10,37,15.0,0
6,0,96,19.8,0
39,7,77,10.6,1
17,9,84,13.2,1
19,10,80,6.0,1
19,4,76,19.0,0
32,1,84,7.3,1
2,2,30,14.8,0
3,9,91,8.1,0
11,9,82,11.2,1
19,7,82,14.4,0
27,1,57,10.2,0
20,1,86,18.1,0
18,5,57,8.4,0
38,6,33,12.9,0
6,0,94,6.8,0
23,7,46,8.2,0
22,5,37,8.8,1
19,0,74,2.5,0
33,1,46,1.8,0
10,4,90,13.3,1
39,7,61,13.1,1
13,9,30,13.3,0
22,4,97,0.4,1
21,3,66,6.5,0
34,10,48,4.0,0
17,5,78,15.6,1
11,3,67,17.2,0
0,4,32,4.9,0
14,0,83,13.4,0
33,3,58,2.6,1
0,5,79,5.5,0
36,10,93,2.8,1
22,8,73,5.7,1
5,8,77,13.5,0
12,5,48,18.2,0
22,1,46,4.1,0
12,4,59,10.8,0
4,10,90,14.0,1
27,0,67,19.1,0
27,9,54,12.2,1
4,7,85,5.1,0
11,3,90,12.5,0
9,8,94,6.4,0
27,9,51,19.5,1
29,0,80,8.0,0
29,1,71,13.7,0
38,7,61,0.5,1
31,10,58,8.0,0
13,0,38,17.5,0
4,7,49,12.2,0
25,1,69,8.9,1
37,7,92,18.7,1
39,6,91,17.1,1
9,0,43,6.4,0
9,7,78,10.9,1
1,9,36,9.8,0
5,9,77,12.6,1
22,0,54,6.7,0
22,2,61,4.9,0
15,2,80,18.3,0
12,4,60,18.5,0
34,1,87,16.9,0
18,9,67,19.6,1
33,8,100,14.9,1
39,8,75,15.3,1
13,2,51,15.3,0
8,0,85,9.6,0
39,10,58,9.1,1
26,3,67,4.8,0
11,7,39,12.9,0
25,10,38,5.8,1
21,0,70,5.2,0
37,0,43,11.7,1
10,0,100,8.2,0
40,1,90,4.4,0
38,0,79,16.3,0
7,9,82,17.2,0
6,6,72,3.4,0
21,10,34,0.2,0
1,8,57,6.7,0
12,10,65,16.0,1
17,2,94,16.8,0
39,3,45,2.8,0
40,9,65,15.5,1
6,2,54,2.3,0
36,0,39,7.8,1
3,7,37,20.0,0
30,8,55,3.9,1
34,10,35,3.1,1
36,10,34,8.5,1
9,1,54,12.4,0
36,8,44,18.7,1
4,9,69,19.6,1
21,7,31,1.4,0
19,9,51,2.8,1
12,9,62,15.8,1
0,4,98,5.4,0
31,0,75,17.7,0
13,5,92,13.3,1
27,2,54,2.2,0
16,1,61,16.7,0
15,1,59,3.5,0
36,7,93,8.5,0
3,5,98,11.0,0
30,5,98,10.0,0
30,8,83,13.7,1
15,6,65,13.1,0
10,6,68,19.8,0
0,0,99,20.0,0
38,9,50,10.3,1
38,4,54,1.9,0
9,1,93,14.6,0
1,8,57,19.5,1
5,8,46,6.4,0
2,0,69,9.2,0
34,2,53,8.5,1
36,0,93,1.0,0
6,2,94,13.4,0
30,1,51,7.1,0
7,7,67,15.7,0
15,5,99,16.6,1
24,10,82,16.4,1
29,8,45,8.3,1
35,6,71,6.4,0
1,5,74,15.0,0
8,0,76,16.0,0
11,0,31,9.8,0
12,6,51,17.9,1
40,0,90,2.9,0
31,0,47,17.6,0
13,2,51,1.9,1
39,9,52,3.1,0
20,5,42,10.7,0
20,7,41,1.4,0
17,4,54,1.1,0
5,1,92,0.0,0
38,4,30,8.7,1
0,1,50,15.5,0
7,8,34,0.7,0
9,2,69,13.0,0
11,4,47,16.5,0
5,10,86,3.4,1
0,6,71,2.9,0
27,5,85,17.2,1
39,5,75,16.5,1
4,8,61,10.8,0
12,2,91,16.4,0
20,7,63,1.9,0
38,9,97,7.9,1
28,6,100,14.8,1
31,4,71,5.1,0
23,1,77,15.0,0
17,2,48,10.1,0
8,10,87,15.0,0
35,5,77,9.3,1
32,3,94,7.4,1
1,4,48,4.4,0
29,6,85,4.2,0
3,5,63,15.0,0
30,7,43,2.4,1
33,2,42,1.7,0
5,7,69,3.5,1
17,4,52,3.5,0
5,10,37,16.5,0
23,1,60,8.0,0
38,1,76,19.8,1
3,5,52,2.7,0
16,5,97,13.1,1
39,7,85,9.0,1
12,4,66,7.9,0
5,10,96,17.5,1
20,5,60,19.5,1
20,1,39,17.5,0
27,1,32,3.8,0
12,10,96,4.4,1
39,1,98,13.1,1
21,10,82,5.8,1
11,3,37,14.7,0
39,1,50,11.3,1
37,3,32,11.0,0
20,6,33,16.6,1
1,4,47,14.2,0
24,8,70,0.5,1
22,6,34,1.0,0
6,4,99,12.0,0
25,6,62,9.7,0
34,10,48,5.2,1
4,4,66,8.4,0
29,1,86,15.2,0
5,4,52,16.5,0
30,9,33,11.2,1
17,2,33,7.7,0
0,10,90,5.4,0
39,6,37,10.4,1
6,6,75,6.3,0
24,3,57,11.3,0
7,10,85,13.5,1
38,0,34,1.3,0
30,3,93,0.0,1
32,4,79,4.2,1
17,5,61,17.9,0
19,5,44,12.9,0
26,1,99,3.4,0
32,2,51,17.8,1
34,1,64,9.4,0
0,6,57,9.5,0
27,3,46,18.7,0
4,6,59,1.2,0
11,6,40,4.3,0
34,7,30,11.7,1
10,6,50,3.9,0
32,7,37,13.6,1
18,6,59,4.3,0
9,7,91,2.0,0
13,6,41,4.1,0
21,3,30,8.5,0
31,2,37,3.5,0
24,8,66,2.7,0
38,3,49,17.2,0
35,6,64,6.4,1
30,2,32,7.2,0
24,4,53,1.1,0
11,5,59,7.1,0
16,6,60,5.3,0
4,5,69,12.2,0
15,3,85,4.1,0
37,10,63,17.8,1
17,5,89,18.6,0
